Source IP,total_packets,total_bytes,packet_size_std,unique_target_ips,unique_target_ports,total_syn_flags,total_ack_flags,total_fin_flags,total_rst_flags,avg_ttl,avg_window_size,iat_mean,iat_std,flow_duration_sec,packets_per_second,bytes_per_second,avg_packet_size,syn_ack_ratio
0.0.0.0,120,40932,2.3457452991327563,1,1,0.0,0.0,0.0,0.0,64.0,0.0,16.945163875066932,91.20457221674538,2016.474501132965,0.0595098028428217,20.29879374968648,341.1,0.0
host_001,14,7953,681.7927120450923,1,1,0.0,0.0,0.0,0.0,232.71428571428572,37865.0,0.11725161625788762,0.25745735059032304,1.524271011352539,9.184718397010851,5217.576100816235,568.0714285714286,0.0
host_002,6,738,0.0,1,1,0.0,0.0,0.0,0.0,42.0,3968.0,137.2138174057007,54.3571141496267,686.0690870285034,0.008745474928752654,1.0756934162365765,123.0,0.0
host_003,13,6315,579.1817725386613,1,1,0.0,0.0,0.0,0.0,122.84615384615384,66776.46153846153,0.10637666781743367,0.20122565930138578,1.276520013809204,10.183937470128106,4947.043471066076,485.7692307692308,0.0
host_004,4,768,225.10590100365354,1,1,0.0,0.0,0.0,0.0,247.75,66687.75,0.007880687713623047,0.01086613150508488,0.1,40.0,7680.0,192.0,0.0
host_005,13,7281,642.4356597536262,1,1,0.0,0.0,0.0,0.0,247.69230769230768,67347.61538461539,0.016461928685506184,0.026644918060017987,0.19754314422607422,65.80840884623369,36857.77113918673,560.0769230769231,0.0
host_006,9,1573,267.93085758166126,1,1,0.0,0.0,0.0,0.0,247.55555555555554,67470.11111111111,0.026083260774612427,0.03358603870301382,0.20866608619689941,43.131110397630735,7538.359628385905,174.77777777777777,0.0
host_007,15,7150,616.2953450910954,1,1,0.0,0.0,0.0,0.0,247.93333333333334,67174.33333333333,0.011588641575404577,0.023485480203062195,0.16224098205566406,92.45506166163106,44070.24605871081,476.6666666666667,0.0
host_008,1,66,0.0,1,1,0.0,0.0,0.0,0.0,40.0,235.0,0.0,0.0,0.1,10.0,660.0,66.0,0.0
host_009,16,1114,6.701989754294367,1,14,0.0,0.0,0.0,0.0,26.9375,10037.5,128.26453946431477,247.00110204109671,1923.9680919647217,0.008316146232789695,0.5790116814579827,69.625,0.0
host_010,1605,2366224,149.24348626081454,1,3,0.0,0.0,0.0,0.0,244.98878504672896,145.00747663551402,0.43143610154601403,9.350709996551016,692.0235068798065,2.31928537693267,3419.282692677339,1474.2828660436137,0.0
host_011,6,900,186.1107197342485,1,1,0.0,0.0,0.0,0.0,245.5,66815.83333333333,60.01042160987854,92.94915112998865,300.0521080493927,0.019996526733324325,2.9994790099986486,150.0,0.0
host_012,4,264,0.0,1,2,0.0,0.0,0.0,0.0,246.0,131.0,433.8224036693573,528.6272675678072,1301.467211008072,0.0030734543030874646,0.20284798400377266,66.0,0.0
host_013,136,75572,622.9612065961632,2,10,0.0,0.0,0.0,0.0,245.83823529411765,66958.98529411765,14.69648902327926,101.6598011621231,1984.0260181427002,0.06854748816616489,38.09022629186333,555.6764705882352,0.0
host_014,8,1519,287.2502331218748,1,1,0.0,0.0,0.0,0.0,243.625,67391.875,0.01644829341343471,0.01661843456513418,0.11513805389404297,69.48180666108954,13192.858039774374,189.875,0.0
host_015,29,10295,502.3376781181587,1,3,0.0,0.0,0.0,0.0,245.41379310344828,67372.03448275862,65.77735735688891,329.37127482581326,1841.7660059928894,0.015745757010194247,5.589743738618958,355.0,0.0
host_016,134,75628,626.7717253082108,2,10,0.0,0.0,0.0,0.0,244.98507462686567,66957.29850746269,14.462139135016535,97.32440351509753,1923.464504957199,0.06966595934297304,39.31863562082362,564.3880597014926,0.0
host_017,9,1573,267.93085758166126,1,1,0.0,0.0,0.0,0.0,246.66666666666666,67470.11111111111,0.027812868356704712,0.03959684594462336,0.2225029468536377,40.4489024854138,7069.569289950656,174.77777777777777,0.0
host_018,96,54422,625.9680079124049,2,7,0.0,0.0,0.0,0.0,245.45833333333334,66959.92708333333,20.247770429912368,152.3564716212849,1923.5381908416748,0.049908029098186854,28.292653745640884,566.8958333333334,0.0
host_019,26,14048,630.7034021935045,2,2,0.0,0.0,0.0,0.0,243.73076923076923,66953.76923076923,24.82935028076172,121.28488240365967,620.733757019043,0.04188591277017075,22.631280869052258,540.3076923076923,0.0
host_020,99,42486,574.256810993279,2,12,0.0,0.0,0.0,0.0,244.59595959595958,55070.333333333336,19.567770734125254,104.86552141086096,1917.641531944275,0.051625915662988915,22.15533992785603,429.1515151515151,0.0
host_021,14,7839,644.5102451039518,1,1,0.0,0.0,0.0,0.0,247.92857142857142,67327.92857142857,0.017904923512385443,0.025395138536352127,0.23276400566101074,60.14675662692068,33677.88751417366,559.9285714285714,0.0
host_022,5,631,130.18525262102463,1,1,0.0,0.0,0.0,0.0,45.4,62499.8,0.053219735622406006,0.05321590290685179,0.21287894248962402,23.48752742532863,2964.125961076473,126.2,0.0
host_023,5,631,130.18525262102463,1,1,0.0,0.0,0.0,0.0,235.4,27795.0,0.06383049488067627,0.06387413635513495,0.2553219795227051,19.583116225821694,2471.389267698698,126.2,0.0
host_024,1,66,0.0,1,1,0.0,0.0,0.0,0.0,122.0,265.0,0.0,0.0,0.1,10.0,660.0,66.0,0.0
host_025,1,90,0.0,1,1,0.0,0.0,0.0,0.0,52.0,0.0,0.0,0.0,0.1,10.0,900.0,90.0,0.0
host_026,1,90,0.0,1,1,0.0,0.0,0.0,0.0,51.0,0.0,0.0,0.0,0.1,10.0,900.0,90.0,0.0
host_027,90,6780,13.273272967919361,1,1,0.0,0.0,0.0,0.0,123.0,269.0,22.603503629062953,106.23900778546525,2011.7118229866028,0.044738018125471526,3.370264032118855,75.33333333333333,0.0
host_028,55,3890,10.120486274099799,1,2,0.0,0.0,0.0,0.0,123.0,265.0,37.65331666557877,130.7004737828641,2033.2790999412537,0.027049901807178898,1.9131657823622894,70.72727272727273,0.0
host_029,1,66,0.0,1,1,0.0,0.0,0.0,0.0,122.0,917.0,0.0,0.0,0.1,10.0,660.0,66.0,0.0
host_030,31,13499,551.941351878964,2,3,0.0,0.0,0.0,0.0,104.51612903225806,49564.83870967742,51.10929880142212,257.407577216416,1533.2789640426636,0.02021810820274022,8.804007826735168,435.4516129032258,0.0
host_031,75,14475,0.0,1,2,0.0,0.0,0.0,0.0,123.0,836.0533333333333,26.93042005397178,112.24850641824882,1992.8510839939117,0.03763452302200676,7.263462943247305,193.0,0.0
host_032,2,132,0.0,1,2,0.0,0.0,0.0,0.0,122.0,627.0,1.846649169921875,0.0,1.846649169921875,1.0830427525573862,71.4808216687875,66.0,0.0
host_033,13,9307,694.0065395391292,1,1,0.0,0.0,0.0,0.0,122.76923076923077,67544.53846153847,0.014301836490631104,0.018008214665617056,0.17162203788757324,75.74784777066967,54229.63224627866,715.9230769230769,0.0
host_034,112,23231,369.43042691608775,3,6,0.0,0.0,0.0,0.0,117.88392857142857,113615.75,15.722061928328094,109.71187576341048,1745.1488740444183,0.06417790577398574,13.31175829495949,207.41964285714286,0.0
host_035,1,90,0.0,1,1,0.0,0.0,0.0,0.0,51.0,0.0,0.0,0.0,0.1,10.0,900.0,90.0,0.0
host_036,22,2156,0.0,1,1,0.0,0.0,0.0,0.0,51.0,0.0,95.78445742243812,207.92086750694938,2011.4736058712006,0.010937255122704659,1.0718510020250565,98.0,0.0
host_037,5,631,130.18525262102463,1,1,0.0,0.0,0.0,0.0,231.4,27795.0,0.05828124284744263,0.05818612944642042,0.2331249713897705,21.447723811793246,2706.7027450483074,126.2,0.0
host_038,3,270,0.0,1,3,0.0,0.0,0.0,0.0,53.0,0.0,799.2010124921799,257.0658584833145,1598.4020249843597,0.001876874499098157,0.16891870491883412,90.0,0.0
host_039,108,6480,0.0,3,3,0.0,0.0,0.0,0.0,46.0,0.0,18.95284615721658,94.53712083616593,2027.954538822174,0.053255631688235903,3.1953379012941543,60.0,0.0
host_040,1,90,0.0,1,1,0.0,0.0,0.0,0.0,59.0,0.0,0.0,0.0,0.1,10.0,900.0,90.0,0.0
host_041,1731,97368,3.898879872864875,1,6,0.0,0.0,0.0,0.0,63.0,302.1698440207972,0.006613820825698059,0.18717510256083136,11.441910028457642,151.2859300322026,8509.768015814849,56.24956672443674,0.0
host_042,28,10362,480.9980309940009,2,2,0.0,0.0,0.0,0.0,98.17857142857143,42715.392857142855,16.349117588113856,82.90672799335425,441.4261748790741,0.06343076508245217,23.473913849441765,370.07142857142856,0.0
host_043,40,21178,563.0113151843763,2,3,0.0,0.0,0.0,0.0,93.0,43475.175,17.094001354315342,76.32915997765402,666.6660528182983,0.06000005524640402,31.76702925020861,529.45,0.0
host_044,30,1818,3.2863353450309964,1,1,0.0,0.0,0.0,0.0,123.0,288.0,69.24632458851255,177.00111403044087,2008.143413066864,0.0149391720754563,0.9053138277726518,60.6,0.0
host_045,47,10575,403.8909667762802,1,2,0.0,0.0,0.0,0.0,49.212765957446805,12713.340425531915,43.69700417311295,157.47346837970906,2010.0621919631958,0.023382361097044387,5.261031246834987,225.0,0.0
host_046,1,90,0.0,1,1,0.0,0.0,0.0,0.0,53.0,0.0,0.0,0.0,0.1,10.0,900.0,90.0,0.0
host_047,101,6210,0.878793051703741,1,77,0.0,0.0,0.0,0.0,34.91089108910891,0.0,20.3308304309845,98.04545893582313,2033.0830430984497,0.04967824621963029,3.0544743467713276,61.48514851485149,0.0
host_048,69,4168,0.8102076817943246,1,16,0.0,0.0,0.0,0.0,46.6231884057971,0.0,29.273903941406925,120.82912215129329,1990.6254680156708,0.03466247222727526,2.0938142643954096,60.405797101449274,0.0
host_049,23,1384,0.5762081310400602,1,5,0.0,0.0,0.0,0.0,41.869565217391305,0.0,90.23789935762233,207.84859873965289,1985.233785867691,0.011585537262024449,0.6971471117670364,60.17391304347826,0.0
host_050,1,90,0.0,1,1,0.0,0.0,0.0,0.0,50.0,0.0,0.0,0.0,0.1,10.0,900.0,90.0,0.0
host_051,1,90,0.0,1,1,0.0,0.0,0.0,0.0,51.0,0.0,0.0,0.0,0.1,10.0,900.0,90.0,0.0
host_052,4405,312200,9.80739903288046,2,1,0.0,0.0,0.0,0.0,64.0,20546.317139614075,0.06679289693945002,0.32162963887840806,294.1559181213379,14.975051422160947,1061.3418964809644,70.87400681044268,0.0
host_053,1744,105150,5.774439696673947,3,1715,0.0,0.0,0.0,0.0,48.30561926605505,2671.7247706422017,0.06884414973234351,2.6058394312135023,119.99535298347473,14.533896160463618,876.2839342160261,60.29243119266055,0.0
host_054,477,57632,68.9093585204548,1,1,0.0,0.0,0.0,0.0,64.0,501.0,0.5406519199619774,2.3008729492374007,257.35031390190125,1.853504636414885,223.94377192004748,120.82180293501048,0.0
host_055,5672,3302676,579.3296895041937,1,1,0.0,0.0,0.0,0.0,64.0,501.0,0.05187021267096678,0.4696410062748802,294.1559760570526,19.282287159448682,11227.635230363072,582.2771509167842,0.0
host_056,1337,248415,102.92539039486016,27,567,0.0,0.0,0.0,0.0,124.96035901271503,22520.750934928947,1.5264973720747554,26.788618512627046,2039.4004890918732,0.6555848187500211,121.80785545982535,185.80029917726253,0.0
host_057,210,44145,50.025130390034825,2,2,0.0,0.0,0.0,0.0,255.0,502.5,9.737008081098493,67.41720964036799,2035.034688949585,0.1031923441601847,21.69250491881597,210.21428571428572,0.0
host_058,153,35010,779.6164130827336,8,4,0.0,0.0,0.0,0.0,64.0,11031.947712418301,13.23510027088617,79.96101020123051,2011.7352411746979,0.07605374547729245,17.402886465098096,228.8235294117647,0.0
host_059,103,26563,291.08417732108575,10,6,0.0,0.0,0.0,0.0,56.03883495145631,11888.990291262136,19.41628707857693,101.73151633061447,1980.4612820148468,0.0520080856593226,13.412531838529963,257.8932038834951,0.0
host_060,157,32799,405.265762372339,1,36,0.0,0.0,0.0,0.0,64.0,64551.33757961784,1.566528217914777,4.746853643966286,244.3784019947052,0.6424462993395039,134.21398835691969,208.9108280254777,0.0
host_061,434,49218,187.8332304561025,18,4,0.0,0.0,0.0,0.0,64.0,27701.382488479263,4.689622843238002,47.22823639142578,2030.606691122055,0.2137292277709299,24.23807634200375,113.40552995391705,0.0
host_062,1090,259540,451.8811317131295,14,12,0.0,0.0,0.0,0.0,90.82844036697247,4184.708256880734,1.873071730957872,29.635002805098285,2039.7751150131226,0.5343726335209201,127.23951679267853,238.11009174311926,0.0
host_063,218,42714,62.76901921977949,4,4,0.0,0.0,0.0,0.0,255.0,355.04587155963304,9.381215852526475,66.2034031676006,2035.7238399982452,0.1070872167023342,20.98221731295185,195.93577981651376,0.0
"host_063,host_056",1,70,0.0,1,1,0.0,0.0,0.0,0.0,255.0,0.0,0.0,0.0,0.1,10.0,700.0,70.0,0.0
host_064,210,44145,50.025130390034825,2,2,0.0,0.0,0.0,0.0,255.0,502.5,9.73726317300751,67.41934847324367,2035.0880031585693,0.10318964077920383,21.691936629514064,210.21428571428572,0.0
host_065,168,33275,391.4305276324857,2,40,0.0,0.0,0.0,0.0,64.0,64216.71428571428,1.7253512393928574,5.04467497666702,288.1336569786072,0.5830627416514321,115.4845995741155,198.0654761904762,0.0
host_066,1146,138212,108.04652945250274,6,4,0.0,0.0,0.0,0.0,62.57417102966841,41719.910994764396,1.7801907116669233,29.020796087467538,2038.3183648586273,0.5622281679630963,67.80687569853006,120.60383944153578,0.0
"host_066,host_067",53,19511,3.868202404263293,1,8,0.0,0.0,0.0,0.0,64.0,0.0,36.94039190274019,153.17863866072747,1920.9003789424896,0.027591227833052963,10.15721596699427,368.1320754716981,0.0
host_068,123,8949,12.547184037428174,3,3,0.0,0.0,0.0,0.0,255.0,4865.268292682927,16.659595198318605,89.3188398785448,2032.47061419487,0.060517480125401195,4.403015688148091,72.7560975609756,0.0
host_069,388,49412,57.73915169082852,2,2,0.0,0.0,0.0,0.0,59.45360824742268,464.8453608247423,5.262670816377152,49.69497860732215,2036.6536059379578,0.19050858666823267,24.261366712501836,127.35051546391753,0.0
"host_069,host_067",44,16202,3.845042936002673,1,7,0.0,0.0,0.0,0.0,64.0,0.0,44.67115269705307,171.3932486986503,1920.8595659732819,0.02290641168122335,8.434765501345018,368.22727272727275,0.0
host_070,732,59409,16.336672433018865,19,9,0.0,0.0,0.0,0.0,64.0,5689.7786885245905,2.7622476716700395,36.775609935143905,2019.203047990799,0.3625192626013387,29.42200392333734,81.15983606557377,0.0
"host_070,host_071",2,172,0.0,1,2,0.0,0.0,0.0,0.0,64.0,0.0,89.95641088485718,0.0,89.95641088485718,0.022232990181877858,1.9120371556414957,86.0,0.0
host_072,230,44129,55.987476053519,5,4,0.0,0.0,0.0,0.0,255.0,475.9869565217391,8.89144528380648,64.49801096298694,2036.140969991684,0.1129587800597811,21.67286089242644,191.86521739130436,0.0
host_073,35,3430,0.0,3,1,0.0,0.0,0.0,0.0,64.0,0.0,58.84348367943483,170.07828551316555,2000.6784451007843,0.017494065618444184,1.71441843060753,98.0,0.0
host_067,786,236504,97.54931756327495,11,30,0.0,0.0,0.0,0.0,93.01526717557252,906.2430025445293,2.579560465114132,35.76973726286671,2024.9549651145935,0.3881567805412995,116.79469621519019,300.8956743002544,0.0
host_074,136,17267,280.60317065044893,3,2,0.0,0.0,0.0,0.0,64.0,1987.3382352941176,15.038134013281928,86.31647731191626,2030.1480917930603,0.0669901868488237,8.505290855284109,126.96323529411765,0.0
host_075,1251,145552,201.12910887241387,35,6,0.0,0.0,0.0,0.0,64.0,14410.067146282974,1.6299048007965087,27.720624055820977,2037.381000995636,0.6140235917526746,71.4407368719307,116.34852118305356,0.0
host_076,296,27904,33.70190249512797,7,5,0.0,0.0,0.0,0.0,74.9695945945946,0.0,6.83851526793787,57.98598101502536,2017.3620040416718,0.14672626896262575,13.831925030855096,94.27027027027027,0.0
host_077,15,2544,30.932645723063704,1,1,0.0,0.0,0.0,0.0,255.0,0.0,140.17667835099357,269.0495662031847,1962.47349691391,0.007643415324379294,1.2963232390147283,169.6,0.0
host_078,108,16200,0.0,3,1,0.0,0.0,0.0,0.0,64.0,0.0,18.953239579067052,97.88832630226452,2027.9966349601746,0.05325452623451758,7.988178935177638,150.0,0.0
host_079,533,371358,1572.2280755325405,4,8,0.0,0.0,0.0,0.0,64.0,21445.373358348967,3.8220301274966477,43.34565535614703,2033.3200278282166,0.26213286285744986,182.63627708258323,696.7317073170732,0.0
host_080,30,4935,100.18388265997474,1,1,0.0,0.0,0.0,0.0,64.0,5281.0,68.28302020040051,191.95241876363622,1980.207585811615,0.01514992681320534,2.4921629607722786,164.5,0.0
host_081,638,47490,12.938622479006682,5,3,0.0,0.0,0.0,0.0,64.0,0.0,3.2013225839875368,39.05212650038665,2039.242486000061,0.31286127293837723,23.28805932890836,74.43573667711598,0.0
host_082,86,5676,0.0,1,1,0.0,0.0,0.0,0.0,64.0,1090.0,23.907683459450215,106.28824488811014,2032.1530940532684,0.042319646217434885,2.7930966503507024,66.0,0.0
host_083,210,40403,52.72153964714996,4,4,0.0,0.0,0.0,0.0,255.0,444.6857142857143,9.755993052532798,67.76635522861241,2039.0025479793549,0.10299153387920448,19.815080682483327,192.39523809523808,0.0
host_084,210,44145,50.025130390034825,2,2,0.0,0.0,0.0,0.0,255.0,502.5,9.737022808293977,67.4205937431794,2035.0377669334412,0.1031921880823101,21.692472109017043,210.21428571428572,0.0
host_085,186,36129,46.923981818971484,2,2,0.0,0.0,0.0,0.0,255.0,354.11290322580646,11.000644172204508,71.92583894190923,2035.1191718578339,0.0913951391997369,17.7527687319747,194.24193548387098,0.0
host_086,457,77041,70.41280745355564,3,3,0.0,0.0,0.0,0.0,44.010940919037196,1036.6739606126914,4.462070642333281,45.74919888582777,2034.7042129039764,0.22460267055119482,37.863488713204816,168.57986870897156,0.0
host_087,210,44145,50.025130390034825,2,2,0.0,0.0,0.0,0.0,255.0,502.5,9.737048889461317,67.41676176601423,2035.0432178974152,0.1031919116769273,21.692414004656932,210.21428571428572,0.0
host_088,220,43026,62.87981710311119,3,3,0.0,0.0,0.0,0.0,255.0,728.7,9.292803611929559,65.89415633453353,2035.1239910125732,0.10810152156406908,21.141709394616527,195.57272727272726,0.0
host_089,1557,519180,1137.2063397290842,29,29,0.0,0.0,0.0,0.0,62.48554913294798,21678.582530507385,1.3083088381124952,24.87229868883845,2035.7285521030426,0.7648367452485332,255.03400218248774,333.4489402697495,0.0
host_090,396,61592,232.73805836230224,6,2,0.0,0.0,0.0,0.0,64.0,21786.323232323233,5.148741597767118,49.65619478231311,2033.7529311180115,0.19471391728114565,30.284897962576572,155.53535353535352,0.0
host_091,178,35682,401.0378078230253,2,41,0.0,0.0,0.0,0.0,64.0,64230.47191011236,8.31125857601058,90.06202515929637,1471.0927679538727,0.12099848757164262,24.25543839062557,200.46067415730337,0.0
host_092,27,2469,31.50132272355136,2,2,0.0,0.0,0.0,0.0,255.0,1914.851851851852,75.12670253790341,205.7931062368213,1953.294265985489,0.013822802058131155,1.2640184548713267,91.44444444444444,0.0
host_093,180,24171,57.769071677309306,3,8,0.0,0.0,0.0,0.0,64.0,3406.6666666666665,11.359036598791624,73.26517244464682,2033.2675511837006,0.08852745419323198,11.887761640581166,134.28333333333333,0.0
"host_093,host_056",11,1210,0.0,1,9,0.0,0.0,0.0,0.0,64.0,0.0,0.5062770843505859,0.8632663682885253,5.062770843505859,2.172723265582911,238.9995592141202,110.0,0.0
host_094,196,38115,46.89698202525321,2,2,0.0,0.0,0.0,0.0,255.0,345.3112244897959,10.433558969008617,69.62957176513191,2034.5439989566803,0.0963360832208639,18.733927612057286,194.46428571428572,0.0
host_095,184,35547,48.13405360960546,2,2,0.0,0.0,0.0,0.0,255.0,424.83152173913044,11.124907005028646,72.15507625133468,2035.8579819202423,0.09037958523337139,17.460451718970937,193.19021739130434,0.0
host_096,64,21731,481.92230585330685,9,3,0.0,0.0,0.0,0.0,64.0,34587.96875,28.122408953924026,143.85668471390565,1771.7117640972137,0.03612325734745662,12.265539147149683,339.546875,0.0
host_097,449,68490,275.3493947952794,15,11,0.0,0.0,0.0,0.0,67.84187082405346,12093.861915367483,4.55086975651128,46.16350908274418,2038.7896509170532,0.22022870274922113,33.59346069330547,152.53897550111358,0.0
host_098,210,44145,50.025130390034825,2,2,0.0,0.0,0.0,0.0,255.0,502.5,9.737111439545188,67.41840883729363,2035.0562908649445,0.10319124878395639,21.692274655084546,210.21428571428572,0.0
host_099,385,49029,141.89400901508242,7,2,0.0,0.0,0.0,0.0,64.0,21540.33766233766,5.283820840840538,50.458802854869276,2028.9872028827667,0.18974984142482293,24.16427266290297,127.34805194805195,0.0
host_100,210,44145,50.025130390034825,2,2,0.0,0.0,0.0,0.0,255.0,502.5,9.737172527176341,67.41790727670644,2035.0690581798553,0.10319060139797999,21.692138565303935,210.21428571428572,0.0
host_101,853,134192,28.30963319796366,1,1,0.0,0.0,0.0,0.0,64.0,3233.0,2.39314509249629,33.476348233327855,2038.959618806839,0.418350609856197,65.81395666802202,157.3177022274326,0.0
host_102,142,20574,75.2481566977222,7,3,0.0,0.0,0.0,0.0,64.0,5933.802816901409,14.222500199121786,83.70023268120897,2005.3725280761719,0.07080978621773873,10.259440434110964,144.88732394366198,0.0
"host_102,host_103",1,348,0.0,1,1,0.0,0.0,0.0,0.0,64.0,0.0,0.0,0.0,0.1,10.0,3480.0,348.0,0.0
"host_102,host_104",1,121,0.0,1,1,0.0,0.0,0.0,0.0,64.0,0.0,0.0,0.0,0.1,10.0,1210.0,121.0,0.0
host_105,152,17962,282.5405738035553,8,3,0.0,0.0,0.0,0.0,80.33552631578948,11178.322368421053,13.450766032894716,80.34535587989608,2031.065670967102,0.07483756048499625,8.843633298891465,118.17105263157895,0.0
"host_105,host_056",3,906,0.0,1,3,0.0,0.0,0.0,0.0,64.0,0.0,900.0081850290298,300.1227308511734,1800.0163700580597,0.0016666515093433482,0.5033287558216911,302.0,0.0
"host_105,host_106",3,906,0.0,1,3,0.0,0.0,0.0,0.0,64.0,0.0,900.0064805746078,300.12490451335907,1800.0129611492157,0.0016666546656889927,0.5033297090380758,302.0,0.0
host_107,258,48141,67.93365576337617,4,3,0.0,0.0,0.0,0.0,64.0,824.5930232558139,7.913336662003038,60.68159835450902,2033.7275221347809,0.12686065227124443,23.67131263949604,186.59302325581396,0.0
host_108,1474,2228378,1570.185272536482,6,6,0.0,0.0,0.0,0.0,68.12550881953867,22845.04748982361,1.377616098440187,25.778150424251375,2029.2285130023956,0.7263844315981479,1098.140493158628,1511.7896879240163,0.0
host_109,210,44145,50.025130390034825,2,2,0.0,0.0,0.0,0.0,255.0,502.5,9.737050708971525,67.42103384580429,2035.0435981750488,0.1031918923940107,21.692409951112392,210.21428571428572,0.0
host_110,26,4180,54.19764400215765,2,2,0.0,0.0,0.0,0.0,196.23076923076923,1123.076923076923,79.3037082862854,203.89864343158845,1982.592707157135,0.01311414084503606,2.108350335855797,160.76923076923077,0.0
host_111,210,44145,50.025130390034825,2,2,0.0,0.0,0.0,0.0,255.0,502.5,9.737073631377882,67.4211057856541,2035.0483889579773,0.1031916494661476,21.69235888420517,210.21428571428572,0.0
host_112,86,7445,9.331213523847444,4,2,0.0,0.0,0.0,0.0,64.0,0.0,23.356349846896002,110.03532349026021,1985.2897369861603,0.04331861410342823,3.7500823488374784,86.56976744186046,0.0
host_113,304,28892,21.563898928899814,6,9,0.0,0.0,0.0,0.0,64.0,691.2434210526316,6.712989607266467,56.262575811040094,2034.0358510017395,0.14945655940640548,14.20427274463772,95.03947368421052,0.0
"host_113,host_056",450,100800,0.0,1,153,0.0,0.0,0.0,0.0,64.0,0.0,4.536902118100886,46.101041133287325,2037.069051027298,0.2209056191654692,49.4828586930651,224.0,0.0
host_114,198,25755,61.31941269931283,7,3,0.0,0.0,0.0,0.0,64.0,11482.828282828283,10.168295477852604,70.99845948629307,2003.154209136963,0.09884411249861094,12.857222815160227,130.07575757575756,0.0
"host_114,host_056",1,121,0.0,1,1,0.0,0.0,0.0,0.0,64.0,0.0,0.0,0.0,0.1,10.0,1210.0,121.0,0.0
"host_114,host_103",4,1392,0.0,1,4,0.0,0.0,0.0,0.0,64.0,0.0,446.4543279806773,450.4313692307607,1339.3629839420319,0.0029864943618399427,1.0393000379203001,348.0,0.0
"host_114,host_104",5,605,0.0,1,5,0.0,0.0,0.0,0.0,64.0,0.0,395.64259099960327,400.0609988182151,1582.570363998413,0.0031594171821639227,0.3822894790418347,121.0,0.0
host_115,1,90,0.0,1,1,0.0,0.0,0.0,0.0,64.0,0.0,0.0,0.0,0.1,10.0,900.0,90.0,0.0
host_116,43,2880,11.34625671877026,1,1,0.0,0.0,0.0,0.0,255.0,11758.255813953489,47.9021631422497,150.72536263413014,2011.8908519744873,0.02137292883348986,1.431489186987228,66.97674418604652,0.0
host_117,22,2156,0.0,1,1,0.0,0.0,0.0,0.0,55.0,0.0,95.78446852593194,207.92141770157008,2011.473839044571,0.010937253854839976,1.0718508777743176,98.0,0.0
host_118,1,90,0.0,1,1,0.0,0.0,0.0,0.0,47.0,0.0,0.0,0.0,0.1,10.0,900.0,90.0,0.0
host_119,1,145,0.0,1,1,0.0,0.0,0.0,0.0,60.0,0.0,0.0,0.0,0.1,10.0,1450.0,145.0,0.0
host_120,2,180,0.0,1,2,0.0,0.0,0.0,0.0,53.5,0.0,98.85953688621521,0.0,98.85953688621521,0.020230723944235633,1.8207651549812072,90.0,0.0
host_121,1,90,0.0,1,1,0.0,0.0,0.0,0.0,53.0,0.0,0.0,0.0,0.1,10.0,900.0,90.0,0.0
"205.174.165.65,host_108",59,6490,0.0,1,1,0.0,0.0,0.0,0.0,253.0,0.0,34.98604769131233,127.15675154023839,2029.190766096115,0.029075630042170907,3.1983193046387997,110.0,0.0
"205.174.165.69,host_113",28,2744,0.0,1,4,0.0,0.0,0.0,0.0,63.0,0.0,66.70845937728882,245.36404051493338,1801.128403186798,0.015545810032454456,1.5234893831805367,98.0,0.0
host_122,1,90,0.0,1,1,0.0,0.0,0.0,0.0,56.0,0.0,0.0,0.0,0.1,10.0,900.0,90.0,0.0
host_123,1,90,0.0,1,1,0.0,0.0,0.0,0.0,52.0,0.0,0.0,0.0,0.1,10.0,900.0,90.0,0.0
host_124,1,60,0.0,1,1,0.0,0.0,0.0,0.0,234.0,9300.0,0.0,0.0,0.1,10.0,600.0,60.0,0.0
host_125,1,90,0.0,1,1,0.0,0.0,0.0,0.0,51.0,0.0,0.0,0.0,0.1,10.0,900.0,90.0,0.0
host_126,2,180,0.0,1,2,0.0,0.0,0.0,0.0,56.0,0.0,100.6077151298523,0.0,100.6077151298523,0.01987919114770315,1.7891272032932835,90.0,0.0
host_127,3,270,0.0,1,3,0.0,0.0,0.0,0.0,52.0,0.0,876.5412795543671,279.4145975112915,1753.0825591087341,0.0017112713741931228,0.15401442367738105,90.0,0.0
host_128,1,90,0.0,1,1,0.0,0.0,0.0,0.0,51.0,0.0,0.0,0.0,0.1,10.0,900.0,90.0,0.0
host_129,1,90,0.0,1,1,0.0,0.0,0.0,0.0,108.0,0.0,0.0,0.0,0.1,10.0,900.0,90.0,0.0
host_130,1,90,0.0,1,1,0.0,0.0,0.0,0.0,107.0,0.0,0.0,0.0,0.1,10.0,900.0,90.0,0.0
host_131,1,90,0.0,1,1,0.0,0.0,0.0,0.0,107.0,0.0,0.0,0.0,0.1,10.0,900.0,90.0,0.0
host_132,23,2507,0.0,1,1,0.0,0.0,0.0,0.0,45.0,0.0,91.23280822147022,201.87711982396303,2007.121780872345,0.011459195061897853,1.249052261746866,109.0,0.0
host_133,18,1728,0.0,1,1,0.0,0.0,0.0,0.0,46.0,0.0,117.64668042519513,225.43221033607495,1999.9935672283173,0.009000028947565679,0.8640027789663052,96.0,0.0
host_134,109,9398,23.86550191065553,1,1,0.0,0.0,0.0,0.0,236.0,27.0,18.786135510162072,93.87073650605586,2028.9026350975037,0.05372362286609271,4.632060621059994,86.22018348623853,0.0
host_135,1,60,0.0,1,1,0.0,0.0,0.0,0.0,234.0,0.0,0.0,0.0,0.1,10.0,600.0,60.0,0.0
host_136,4,440,0.0,1,3,0.0,0.0,0.0,0.0,233.5,0.0,600.0002590020498,472.44969912374813,1800.0007770061493,0.0022222212629557855,0.2444443389251364,110.0,0.0
host_137,56,4367,46.587743636528025,1,1,0.0,0.0,0.0,0.0,232.96428571428572,208863.4107142857,0.07447367147965865,0.30713774069719796,4.096051931381226,13.671701662511953,1066.1485921462447,77.98214285714286,0.0
host_138,45,4028,23.25415136175809,1,1,0.0,0.0,0.0,0.0,236.0,849.0,17.046441343697634,32.5608363943548,750.0434191226959,0.05999652667126284,5.37035576515215,89.5111111111111,0.0
host_139,11,5367,661.1885441453828,1,1,0.0,0.0,0.0,0.0,237.8181818181818,28529.363636363636,0.0205380916595459,0.030211481552913828,0.20538091659545898,53.55901698338809,26131.93128634944,487.90909090909093,0.0
host_140,1,90,0.0,1,1,0.0,0.0,0.0,0.0,234.0,0.0,0.0,0.0,0.1,10.0,900.0,90.0,0.0
host_141,105,6460,0.8559209850218263,1,82,0.0,0.0,0.0,0.0,44.885714285714286,0.0,19.5486352787568,96.13247375269722,2033.0580689907074,0.05164633593182425,3.1774793344722347,61.523809523809526,0.0
host_142,11,1164,73.576923259699,1,1,0.0,0.0,0.0,0.0,234.8181818181818,43773.0,0.3703041076660156,0.7161743734430033,3.7030410766601562,2.9705314557085902,314.33623767679995,105.81818181818181,0.0
host_143,1,60,0.0,1,1,0.0,0.0,0.0,0.0,231.0,0.0,0.0,0.0,0.1,10.0,600.0,60.0,0.0
host_144,132,11848,27.00639483561473,1,1,0.0,0.0,0.0,0.0,233.5909090909091,1422.0,15.496438756243872,87.6233220529345,2030.0334770679474,0.0650235582275483,5.8363569536363045,89.75757575757575,0.0
host_145,1,90,0.0,1,1,0.0,0.0,0.0,0.0,234.0,0.0,0.0,0.0,0.1,10.0,900.0,90.0,0.0
host_146,38,2456,9.089408902470035,1,1,0.0,0.0,0.0,0.0,123.0,268.0,54.32746445810473,159.352707015193,2010.1161849498749,0.018904379898293085,1.221819921847574,64.63157894736842,0.0
host_147,339,25681,3.5253429335375954,3,3,0.0,0.0,0.0,0.0,60.0,16.0,6.011671071221842,53.06950271872674,2031.9448220729828,0.16683523898752006,12.638630597163724,75.7551622418879,0.0
host_148,13,1599,0.0,1,1,0.0,0.0,0.0,0.0,232.6153846153846,54312.0,162.7572356661161,278.7589841463873,1953.086827993393,0.006656130087854946,0.8187040008061583,123.0,0.0
host_149,44,20082,605.6481178920075,1,3,0.0,0.0,0.0,0.0,231.86363636363637,51098.84090909091,0.016477562660394712,0.024119392985489846,0.7085351943969727,62.099949794939924,28342.981631408715,456.40909090909093,0.0
host_150,10,4503,587.184629302308,1,1,0.0,0.0,0.0,0.0,232.7,28438.3,0.06938899887932672,0.08309639330593697,0.6245009899139404,16.012784865846335,7210.557025090605,450.3,0.0
host_151,30,3690,0.0,2,2,0.0,0.0,0.0,0.0,232.43333333333334,3998.5,68.38338079123662,185.09839955770155,1983.1180429458618,0.015127692527791189,1.8607061809183163,123.0,0.0
host_152,17,2287,133.95620443220372,2,2,0.0,0.0,0.0,0.0,232.76470588235293,65535.0,17.25773411989212,66.5559239873999,276.1237459182739,0.06156659921972664,8.282518377383225,134.52941176470588,0.0
host_153,43,8049,351.1200619387941,1,1,0.0,0.0,0.0,0.0,237.95348837209303,145413.18604651163,0.1031113068262736,0.3580473115912238,4.330674886703491,9.929168345567401,1858.6017677551633,187.1860465116279,0.0
host_154,69,4168,0.8102076817943246,1,16,0.0,0.0,0.0,0.0,44.69565217391305,0.0,29.27391491216772,120.81966709329976,1990.6262140274048,0.03466245923708613,2.0938134797126806,60.405797101449274,0.0
host_155,12,6993,690.6112082127621,1,1,0.0,0.0,0.0,0.0,231.75,33938.583333333336,0.06080761822787198,0.0937425205693218,0.6688838005065918,17.940335811558857,10454.730694185924,582.75,0.0
host_156,11,4568,571.0660366208257,1,1,0.0,0.0,0.0,0.0,232.63636363636363,28506.090909090908,0.0673257827758789,0.08880677442042438,0.6732578277587891,16.338465809774465,6784.9192562772505,415.27272727272725,0.0
host_157,28,15430,654.4960701334317,1,3,0.0,0.0,0.0,0.0,232.67857142857142,33859.25,24.340807146496243,122.09846230335414,657.2017929553986,0.04260487463688377,23.478329130254163,551.0714285714286,0.0
host_158,50,5898,17.264993483925792,3,3,0.0,0.0,0.0,0.0,41.52,3762.98,41.126673241050874,141.20158927368806,2015.206988811493,0.024811347061419464,2.92674649936504,117.96,0.0
host_159,15,1455,0.0,1,1,0.0,0.0,0.0,0.0,233.0,234.0,142.140916790281,241.31909458366283,1989.9728350639343,0.007537791338502405,0.7311657598347333,97.0,0.0
host_160,15,1845,0.0,1,1,0.0,0.0,0.0,0.0,42.0,3924.0,143.34464456353868,251.49642303786624,2006.8250238895416,0.007474493202664798,0.9193626639277702,123.0,0.0
host_161,1,90,0.0,1,1,0.0,0.0,0.0,0.0,231.0,0.0,0.0,0.0,0.1,10.0,900.0,90.0,0.0
host_162,16,6025,529.7140069572133,1,1,0.0,0.0,0.0,0.0,234.8125,40077.9375,0.26341853141784666,0.5974103295310299,3.9512779712677,4.049322805519216,1524.8231189533299,376.5625,0.0
host_163,853,58454,13.219286423388484,1,1,0.0,0.0,0.0,0.0,60.0,819.0,2.392953050528334,33.451604490673475,2038.7959990501404,0.418384183801325,28.670843001081657,68.52754982415006,0.0
host_164,7,462,0.0,1,1,0.0,0.0,0.0,0.0,122.0,265.0,5.6844221750895185,5.696842223924912,34.10653305053711,0.20523927159725677,13.545791925418946,66.0,0.0
host_165,1,66,0.0,1,1,0.0,0.0,0.0,0.0,122.0,265.0,0.0,0.0,0.1,10.0,660.0,66.0,0.0
host_166,22,6736,491.15807138053947,1,4,0.0,0.0,0.0,0.0,122.5,38654.5,80.45762504850116,254.35506309751358,1689.6101260185242,0.01302075529805318,3.9867185312584645,306.1818181818182,0.0
host_167,50,9289,373.40771009606067,1,1,0.0,0.0,0.0,0.0,232.92,43324.78,2.055473366562201,1.3113027741326169,100.71819496154785,0.4964346314892655,92.22762583807574,185.78,0.0
host_168,9,873,0.0,1,1,0.0,0.0,0.0,0.0,236.66666666666666,179.0,238.87864899635315,327.913497872863,1911.0291919708252,0.0047095041969078405,0.4568219071000605,97.0,0.0
host_169,19,6584,526.2047941439881,1,1,0.0,0.0,0.0,0.0,234.89473684210526,33318.68421052631,0.01313716835445828,0.02368329046718622,0.23646903038024902,80.34878803980146,27842.969497581726,346.5263157894737,0.0
host_170,155,22133,231.78269314429693,2,2,0.0,0.0,0.0,0.0,233.99354838709678,849.0,13.112457967423774,81.2953159308473,2019.318526983261,0.07675856875911527,10.96062840222902,142.79354838709676,0.0
host_171,4,415,70.26793958366314,1,1,0.0,0.0,0.0,0.0,235.5,27831.75,20.01769169171651,28.266859820231296,60.053075075149536,0.06660774648083315,6.9105536973864385,103.75,0.0
host_172,4,415,70.26793958366314,1,1,0.0,0.0,0.0,0.0,231.5,27831.75,20.0160489877065,28.272948343797193,60.04814696311951,0.06661321293489253,6.9111208419951,103.75,0.0
host_173,9,4436,608.5806118429268,1,1,0.0,0.0,0.0,0.0,232.66666666666666,28355.444444444445,0.0780472457408905,0.08637772581678177,0.624377965927124,14.414345942903532,7104.670955857785,492.8888888888889,0.0
host_174,14,7950,681.9339982886746,1,1,0.0,0.0,0.0,0.0,232.71428571428572,30386.14285714286,0.11259753887469952,0.2536893078335806,1.4637680053710938,9.564357158121329,5431.18852907604,567.8571428571429,0.0
host_175,53,9518,363.3914732691213,1,1,0.0,0.0,0.0,0.0,232.9245283018868,43466.24528301887,2.078021384202517,1.3020444307157377,108.05711197853088,0.4904813670249692,88.08305002535201,179.58490566037736,0.0
host_176,13,7409,663.4400828935071,1,1,0.0,0.0,0.0,0.0,232.69230769230768,30084.76923076923,0.13132443030675253,0.2628407417506813,1.5758931636810303,8.249290180074208,4701.460841859216,569.9230769230769,0.0
host_177,26,7538,499.63850316619306,1,1,0.0,0.0,0.0,0.0,232.96153846153845,41017.807692307695,1.7619955158233642,1.4032698017187426,44.049887895584106,0.5902398676162451,171.12415854197135,289.9230769230769,0.0
host_178,9,4436,608.5806118429268,1,1,0.0,0.0,0.0,0.0,232.66666666666666,28355.444444444445,0.07726624608039856,0.08603898834995499,0.6181299686431885,14.560044742297864,7176.484275203703,492.8888888888889,0.0
host_179,1,90,0.0,1,1,0.0,0.0,0.0,0.0,51.0,0.0,0.0,0.0,0.1,10.0,900.0,90.0,0.0
host_180,91,5596,0.8739899106158855,1,71,0.0,0.0,0.0,0.0,40.637362637362635,0.0,22.589800731341043,103.15662221403879,2033.082065820694,0.04475962949546065,2.752471281940635,61.494505494505496,0.0
host_181,86,36946,481.6118593192403,2,7,0.0,0.0,0.0,0.0,46.16279069767442,30453.39534883721,18.605204587824204,119.4806644490017,1581.4423899650574,0.05438073529943775,23.362216818291014,429.6046511627907,0.0
host_071,142,8988,4.824271866412054,1,86,0.0,0.0,0.0,0.0,111.14084507042253,67821.97183098592,14.216047816242732,86.54864894733463,2004.4627420902252,0.07084192537892943,4.483994544407167,63.29577464788732,0.0
host_182,108,6480,0.0,3,3,0.0,0.0,0.0,0.0,48.0,0.0,18.95284598118791,94.53719784225422,2027.9545199871063,0.05325563218285914,3.1953379309715486,60.0,0.0
host_183,181,13952,17.153515497490645,1,1,0.0,0.0,0.0,0.0,48.0,337.7900552486188,11.168026705582937,73.65361541709491,2010.2448070049286,0.09003878501229538,6.940448223710195,77.0828729281768,0.0
host_184,108,6480,0.0,3,3,0.0,0.0,0.0,0.0,51.333333333333336,0.0,18.95284720447576,94.53718702503815,2027.9546508789062,0.05325562874554088,3.195337724732453,60.0,0.0
host_185,75,16761,422.89613957195786,1,2,0.0,0.0,0.0,0.0,232.93333333333334,44334.90666666667,3.39697282378738,12.612825467814773,251.3759889602661,0.2983578515601779,66.67701266666856,223.48,0.0
host_186,1320,225222,351.9029586131006,1,22,0.0,0.0,0.0,0.0,47.37954545454546,138518.43636363637,1.3184178688925627,28.784469594730776,1738.9931690692902,0.7590599109175711,129.5128721641494,170.62272727272727,0.0
host_187,7,1218,0.0,1,1,0.0,0.0,0.0,0.0,54.0,0.0,321.04485750198364,342.2990372932805,1926.2691450119019,0.0036339677755450675,0.6323103929448417,174.0,0.0
host_188,20,1456,12.697285246523329,1,1,0.0,0.0,0.0,0.0,232.85,191.0,2.1770896409687244,1.2175387599045215,41.36470317840576,0.4835040134034106,35.19909217576829,72.8,0.0
host_189,36,2636,13.043030128027569,1,1,0.0,0.0,0.0,0.0,232.91666666666666,179.0,2.406996713365827,1.0912387548609406,84.24488496780396,0.42732564729310507,31.289733507350693,73.22222222222223,0.0
host_190,11,4568,571.0660366208257,1,1,0.0,0.0,0.0,0.0,232.63636363636363,28506.090909090908,0.0649379014968872,0.0820048455164856,0.6493790149688721,16.9392600414217,7034.412715383121,415.27272727272725,0.0
host_191,122,14337,170.63547893443135,1,1,0.0,0.0,0.0,0.0,236.0,27.0,16.759173586348858,89.11320042254036,2027.8600039482117,0.0601619440012959,7.070014681529339,117.51639344262296,0.0
host_192,66,5510,6.010868167788752,1,1,0.0,0.0,0.0,0.0,236.72727272727272,56571.0,31.032021258427548,120.61661931522794,2017.0813817977905,0.0327205439480956,2.731669653848587,83.48484848484848,0.0
host_193,35,2375,11.77520539884014,1,1,0.0,0.0,0.0,0.0,232.62857142857143,170.0,59.17203476148493,165.55935592077606,2011.8491818904877,0.017396930304244437,1.1805059849308723,67.85714285714286,0.0
host_194,12,6993,690.6112082127621,1,1,0.0,0.0,0.0,0.0,231.75,34962.583333333336,0.04625027829950506,0.06247191126609055,0.5087530612945557,23.587081656993295,13745.371835612843,582.75,0.0
host_195,6,1542,214.85809270306763,1,1,0.0,0.0,0.0,0.0,200.66666666666666,58413.333333333336,0.03522539138793945,0.04506728176478768,0.17612695693969727,34.06633546762687,8755.048215180106,257.0,0.0
host_196,6,1542,214.85809270306763,1,1,0.0,0.0,0.0,0.0,234.66666666666666,58413.333333333336,0.03662595748901367,0.042095846797445095,0.18312978744506836,32.76364857792324,8420.257684526274,257.0,0.0
host_197,12,4624,551.779655187456,1,1,0.0,0.0,0.0,0.0,232.75,60775.916666666664,0.05746681039983576,0.07991294208882908,0.6321349143981934,18.98328936857454,7314.894170024056,385.3333333333333,0.0
host_198,16,1161,12.484490378065098,1,1,0.0,0.0,0.0,0.0,232.8125,179.0,2.2507090091705324,1.204823168531978,33.76063513755798,0.47392473319319584,34.389163452331275,72.5625,0.0
host_199,11,4568,571.0660366208257,1,1,0.0,0.0,0.0,0.0,232.63636363636363,28506.090909090908,0.06896319389343261,0.07650414807586031,0.6896319389343262,15.950537350398925,6623.823146965662,415.27272727272725,0.0
host_200,53,9518,363.3914732691213,1,1,0.0,0.0,0.0,0.0,232.9245283018868,43466.24528301887,2.0786516116215634,1.3039212199159618,108.08988380432129,0.4903326577346282,88.0563440814753,179.58490566037736,0.0
host_201,27,15362,659.9764845158954,1,2,0.0,0.0,0.0,0.0,232.7037037037037,30241.037037037036,12.824882846612196,63.6874650437526,333.4469540119171,0.08097239958303845,46.07029638498655,568.9629629629629,0.0
host_202,11,4568,571.0660366208257,1,1,0.0,0.0,0.0,0.0,232.63636363636363,28506.090909090908,0.07190060615539551,0.08373732329879693,0.7190060615539551,15.29889744771581,6353.214867378711,415.27272727272725,0.0
host_203,145,15135,28.427312024979035,6,6,0.0,0.0,0.0,0.0,174.0344827586207,2069.8275862068967,14.094210248854425,82.19590354791112,2029.5662758350372,0.07144383592023461,7.457258321743108,104.37931034482759,0.0
host_204,11,6010,662.619992563954,1,1,0.0,0.0,0.0,0.0,229.27272727272728,101340.90909090909,9.055670499801636,27.090821860637604,90.55670499801636,0.12147085078063469,66.36725574469222,546.3636363636364,0.0
host_205,4,584,0.0,1,1,0.0,0.0,0.0,0.0,236.5,501.25,540.3044796784719,382.0841285264799,1620.9134390354156,0.002467744361710239,0.3602906768096949,146.0,0.0
host_206,9,4436,608.5806118429268,1,1,0.0,0.0,0.0,0.0,232.66666666666666,28355.444444444445,0.07776686549186707,0.08661222855294093,0.6221349239349365,14.466315350175115,7130.28609926409,492.8888888888889,0.0
host_207,55,12076,0.7139778076133089,1,6,0.0,0.0,0.0,0.0,44.8,0.0,36.68453177699336,156.21488328110274,1980.9647159576416,0.027764250194336145,6.096019733578242,219.56363636363636,0.0
host_208,19,7249,582.3245914647272,1,1,0.0,0.0,0.0,0.0,227.52631578947367,56400.73684210526,0.01407093471950955,0.024280032190945947,0.2532768249511719,75.01673318774004,28620.8578356804,381.5263157894737,0.0
host_209,16,1968,0.0,1,1,0.0,0.0,0.0,0.0,42.3125,3924.0,129.20593253771463,229.5871356279153,1938.0889880657196,0.008255554878297182,1.0154332500305534,123.0,0.0
host_210,68,4106,0.7923027418653423,1,16,0.0,0.0,0.0,0.0,44.779411764705884,0.0,29.710837225415812,121.76603011498956,1990.6260941028595,0.03416010681335232,2.062667626112127,60.38235294117647,0.0
host_211,10,1098,76.68956179877995,1,1,0.0,0.0,0.0,0.0,237.8,45283.1,0.373602999581231,0.6863058488893528,3.362426996231079,2.9740422650689307,326.5498407045686,109.8,0.0
host_212,84,7484,26.754402429137112,2,2,0.0,0.0,0.0,0.0,236.53571428571428,619.1071428571429,24.21684848256858,109.0003905657997,2009.9984240531921,0.0417910775425449,3.723386003909596,89.0952380952381,0.0
host_213,84,5544,0.0,1,1,0.0,0.0,0.0,0.0,233.0,219.0,24.484377387058306,107.55517844370607,2032.2033231258392,0.04133444672789687,2.7280734840411935,66.0,0.0
host_214,1,62,0.0,1,1,0.0,0.0,0.0,0.0,42.0,0.0,0.0,0.0,0.1,10.0,620.0,62.0,0.0
host_215,10,1315,126.42279154575817,1,1,0.0,0.0,0.0,0.0,232.9,65535.0,0.1019321017795139,0.10619228138944786,0.917388916015625,10.90050231196567,1433.4160540234857,131.5,0.0
host_216,9,4436,608.5806118429268,1,1,0.0,0.0,0.0,0.0,232.66666666666666,28355.444444444445,0.0786256492137909,0.08608332800447342,0.6290051937103271,14.308307928129333,7052.405996575746,492.8888888888889,0.0
host_217,21,2583,0.0,2,2,0.0,0.0,0.0,0.0,42.0,3824.3333333333335,96.51482639312744,217.7138801654789,1930.2965278625488,0.010879157526773188,1.3381363757931022,123.0,0.0
host_218,85,5610,0.0,1,1,0.0,0.0,0.0,0.0,233.0,219.0,24.1799084402266,106.57154061390915,2031.1123089790344,0.04184899063642935,2.762033382004337,66.0,0.0
host_219,11,7669,714.0747605372728,1,1,0.0,0.0,0.0,0.0,232.8181818181818,37000.63636363636,0.05375380516052246,0.08839049739723495,0.5375380516052246,20.463667580650743,14266.896970546411,697.1818181818181,0.0
host_220,49,9242,376.76688285145957,1,1,0.0,0.0,0.0,0.0,232.9795918367347,43273.77551020408,2.1126006891330085,1.2827522634077528,101.4048330783844,0.4832116824463755,91.13964018713067,188.6122448979592,0.0
host_221,28,1686,0.6299407883487125,1,6,0.0,0.0,0.0,0.0,42.892857142857146,0.0,73.52711233386287,185.54165300499668,1985.2320330142975,0.014104144772178551,0.8492710030676085,60.214285714285715,0.0
host_222,4,440,0.0,1,3,0.0,0.0,0.0,0.0,233.5,0.0,600.000339349111,472.4559449161978,1800.0010180473328,0.002222220965374374,0.24444430619118115,110.0,0.0
host_223,8,776,0.0,1,1,0.0,0.0,0.0,0.0,43.125,310.0,274.4810616970062,331.7653826494921,1921.3674318790436,0.004163701261541747,0.4038790223695494,97.0,0.0
host_224,42,4116,0.0,1,1,0.0,0.0,0.0,0.0,47.5,0.0,49.170518706484536,151.12326261750098,2015.991266965866,0.020833423580852807,2.041675510923575,98.0,0.0
host_225,1,60,0.0,1,1,0.0,0.0,0.0,0.0,237.0,0.0,0.0,0.0,0.1,10.0,600.0,60.0,0.0
host_226,31,3813,0.0,2,2,0.0,0.0,0.0,0.0,140.48387096774192,3817.1612903225805,66.99517250061035,185.71985266639592,2009.8551750183105,0.015423996905507173,1.8971516193773823,123.0,0.0
host_227,15,3225,0.0,1,1,0.0,0.0,0.0,0.0,45.0,213.0,141.43303407941545,256.90470927647914,1980.0624771118164,0.007575518537111762,1.628736485479029,215.0,0.0
host_228,12,6993,690.6112082127621,1,1,0.0,0.0,0.0,0.0,230.75,33938.583333333336,0.04714798927307129,0.0636693210400544,0.5186278820037842,23.137976989660654,13483.656090724748,582.75,0.0
host_229,12,1133,8.948929172439199,1,1,0.0,0.0,0.0,0.0,234.75,179.0,182.00439407608727,266.01948231364895,2002.0483348369598,0.00599386128256351,0.565920402762038,94.41666666666667,0.0
host_230,46,8242,340.5591679281347,1,1,0.0,0.0,0.0,0.0,234.95652173913044,138422.9347826087,0.08925844298468696,0.3365149016880689,4.016629934310913,11.452386889580778,2051.968972694017,179.17391304347825,0.0
host_231,14,1308,9.37848836199331,1,1,0.0,0.0,0.0,0.0,234.92857142857142,179.0,154.00407431675836,253.3499427519394,2002.052966117859,0.006992821986696546,0.653329368471363,93.42857142857143,0.0
host_232,8,3256,640.6708537596688,1,2,0.0,0.0,0.0,0.0,230.5,28536.75,171.5317484310695,420.00103854268514,1200.7222390174866,0.006662656641178021,2.7117012529594544,407.0,0.0
host_233,14,8318,650.4325019250188,1,1,0.0,0.0,0.0,0.0,245.78571428571428,66962.21428571429,0.07480861590458797,0.19903508645337886,0.9725120067596436,14.395709155969424,8553.107768525262,594.1428571428571,0.0
host_234,6,1542,214.85809270306763,1,1,0.0,0.0,0.0,0.0,203.66666666666666,58413.333333333336,0.03790578842163086,0.04499945574869863,0.1895289421081543,31.657434127269664,8135.960570708303,257.0,0.0
host_235,17,6447,548.2984508244307,1,1,0.0,0.0,0.0,0.0,235.88235294117646,33383.470588235294,0.01271943747997284,0.022727099002386963,0.20351099967956543,83.53356834159845,31678.87735872266,379.2352941176471,0.0
host_236,15,2104,141.65524883960185,2,2,0.0,0.0,0.0,0.0,231.86666666666667,65535.0,9.045882429395403,31.91383964619725,126.64235401153564,0.11844378697061865,16.61371518574544,140.26666666666668,0.0
host_237,51,9374,369.936373967624,1,1,0.0,0.0,0.0,0.0,232.9607843137255,43373.78431372549,2.166808557510376,1.2877373339716438,108.3404278755188,0.4707384030142292,86.52356450696833,183.80392156862746,0.0
host_238,14,7953,681.7927120450923,1,1,0.0,0.0,0.0,0.0,232.71428571428572,37865.0,0.11383830584012546,0.25235373618261864,1.4798979759216309,9.46011159403152,5374.019107666621,568.0714285714286,0.0
host_239,4,415,70.26793958366314,1,1,0.0,0.0,0.0,0.0,234.5,27831.75,20.01871633529663,28.270947008649035,60.05614900588989,0.06660433721129384,6.910199985671737,103.75,0.0
host_240,48,4112,28.107190973079522,1,1,0.0,0.0,0.0,0.0,234.5,135.0,42.34277051053149,153.5162515486013,1990.1102139949799,0.0241192671955811,2.066217223088114,85.66666666666667,0.0
host_241,13,6681,640.3670121550688,1,1,0.0,0.0,0.0,0.0,235.84615384615384,35443.61538461538,0.015688260396321613,0.024094579981740968,0.18825912475585938,69.05375777593159,35488.31966930761,513.9230769230769,0.0
host_242,1,90,0.0,1,1,0.0,0.0,0.0,0.0,51.0,0.0,0.0,0.0,0.1,10.0,900.0,90.0,0.0
host_243,1,90,0.0,1,1,0.0,0.0,0.0,0.0,51.0,0.0,0.0,0.0,0.1,10.0,900.0,90.0,0.0
host_244,22,2156,0.0,1,1,0.0,0.0,0.0,0.0,50.0,0.0,95.7844682421003,207.92143906640237,2011.4738330841064,0.010937253887249601,1.071850880950461,98.0,0.0
host_245,1,146,0.0,1,1,0.0,0.0,0.0,0.0,224.0,920.0,0.0,0.0,0.1,10.0,1460.0,146.0,0.0
host_103,7,2240,0.0,2,7,0.0,0.0,0.0,0.0,48.0,0.0,263.409330646197,371.81249049016157,1580.455983877182,0.004429101519694062,1.4173124863020996,320.0,0.0
host_106,46,8837,62.92543321207679,2,46,0.0,0.0,0.0,0.0,122.0,0.0,44.279607714547055,167.03258865445994,1992.5823471546173,0.02308562055951536,4.434948454009505,192.1086956521739,0.0
host_104,93,11914,51.63194628825119,8,50,0.0,0.0,0.0,0.0,121.05376344086021,0.0,22.015411553175554,105.57459156071718,2025.4178628921509,0.045916450972345375,5.882242977252933,128.10752688172042,0.0
